model,accuracy,f1_macro,n_samples
logreg,0.927536231884058,0.8891534391534391,69
xgb,1.0,1.0,69
